,accuracy,precision,recall,f1_score,roc_auc
LSTM,0.8163265306122449,0.7419354838709677,0.9583333333333334,0.8363636363636364,0.97
Physics-Informed NN,1.0,1.0,1.0,1.0,1.0
Interpretable Baseline (RF),0.9795918367346939,0.96,1.0,0.9795918367346939,1.0
