,accuracy,precision,recall,f1_score,roc_auc
LSTM,0.8979591836734694,0.8275862068965517,1.0,0.9056603773584906,1.0
Physics-Informed NN,1.0,1.0,1.0,1.0,1.0
Interpretable Baseline (RF),0.9795918367346939,0.96,1.0,0.9795918367346939,1.0
